"","dd","ud","du","uu","quarter","year"
"1",0.292739712747164,0.0335923275684965,0.373965595999422,0.776673519441057,1,2019
